epoch,accuracy,loss,val_accuracy,val_loss
0,0.9157201051712036,0.41127511858940125,0.20785942673683167,12.101957321166992
1,0.9834235906600952,0.06562849879264832,0.18982242047786713,13.417006492614746
2,0.9885416626930237,0.04394605755805969,0.3303994834423065,8.515748023986816
3,0.9923229217529297,0.031997788697481155,0.5835063457489014,3.3475492000579834
4,0.9930256605148315,0.028134789317846298,0.40456193685531616,7.002379417419434
