epoch,accuracy,loss,val_accuracy,val_loss
0,0.9176029562950134,0.4017530083656311,0.13486036658287048,15.255077362060547
1,0.9828224778175354,0.06769294291734695,0.2523013949394226,9.209288597106934
2,0.9893375635147095,0.041595496237277985,0.40699872374534607,4.5418267250061035
