epoch,accuracy,loss,val_accuracy,val_loss
0,0.9233260750770569,0.35054561495780945,0.10096383094787598,16.541648864746094
1,0.9850631952285767,0.05647878348827362,0.9772619009017944,0.08093424886465073
2,0.9908630847930908,0.03427460789680481,0.24891698360443115,12.956348419189453
3,0.9928838014602661,0.027324197813868523,0.9683282971382141,0.10790088772773743
4,0.994184672832489,0.02197147160768509,0.3402217924594879,8.246255874633789
