epoch,accuracy,loss,val_accuracy,val_loss
0,0.6416666507720947,0.8506534695625305,0.7333333492279053,0.7202374935150146
1,1.0,0.009963983669877052,0.7666666507720947,0.9986143708229065
2,1.0,0.0035664744209498167,0.7666666507720947,1.1397719383239746
