epoch,accuracy,loss,val_accuracy,val_loss
0,0.7333333492279053,0.9843536615371704,1.0,0.01987086795270443
1,1.0,0.008264944888651371,0.9666666388511658,0.06809034198522568
2,1.0,0.01038481667637825,0.6666666865348816,0.6463412046432495
